Id,Geography,Estimate; Total:,Margin of Error; Total:,Estimate; Less than high school graduate:,Margin of Error; Less than high school graduate:,Estimate; Less than high school graduate: - In labor force:,Margin of Error; Less than high school graduate: - In labor force:,Estimate; Less than high school graduate: - In labor force: - In Armed Forces,Margin of Error; Less than high school graduate: - In labor force: - In Armed Forces,Estimate; Less than high school graduate: - In labor force: - Civilian:,Margin of Error; Less than high school graduate: - In labor force: - Civilian:,Estimate; Less than high school graduate: - In labor force: - Civilian: - Employed,Margin of Error; Less than high school graduate: - In labor force: - Civilian: - Employed,Estimate; Less than high school graduate: - In labor force: - Civilian: - Unemployed,Margin of Error; Less than high school graduate: - In labor force: - Civilian: - Unemployed,Estimate; Less than high school graduate: - Not in labor force,Margin of Error; Less than high school graduate: - Not in labor force,Estimate; High school graduate:,Margin of Error; High school graduate:,Estimate; High school graduate: - In labor force:,Margin of Error; High school graduate: - In labor force:,Estimate; High school graduate: - In labor force: - In Armed Forces,Margin of Error; High school graduate: - In labor force: - In Armed Forces,Estimate; High school graduate: - In labor force: - Civilian:,Margin of Error; High school graduate: - In labor force: - Civilian:,Estimate; High school graduate: - In labor force: - Civilian: - Employed,Margin of Error; High school graduate: - In labor force: - Civilian: - Employed,Estimate; High school graduate: - In labor force: - Civilian: - Unemployed,Margin of Error; High school graduate: - In labor force: - Civilian: - Unemployed,Estimate; High school graduate: - Not in labor force,Margin of Error; High school graduate: - Not in labor force,Estimate; Some college or associate's degree:,Margin of Error; Some college or associate's degree:,Estimate; Some college or associate's degree: - In labor force:,Margin of Error; Some college or associate's degree: - In labor force:,Estimate; Some college or associate's degree: - In labor force: - In Armed Forces,Margin of Error; Some college or associate's degree: - In labor force: - In Armed Forces,Estimate; Some college or associate's degree: - In labor force: - Civilian:,Margin of Error; Some college or associate's degree: - In labor force: - Civilian:,Estimate; Some college or associate's degree: - In labor force: - Civilian: - Employed,Margin of Error; Some college or associate's degree: - In labor force: - Civilian: - Employed,Estimate; Some college or associate's degree: - In labor force: - Civilian: - Unemployed,Margin of Error; Some college or associate's degree: - In labor force: - Civilian: - Unemployed,Estimate; Some college or associate's degree: - Not in labor force,Margin of Error; Some college or associate's degree: - Not in labor force,Estimate; Bachelor's degree or higher:,Margin of Error; Bachelor's degree or higher:,Estimate; Bachelor's degree or higher: - In labor force:,Margin of Error; Bachelor's degree or higher: - In labor force:,Estimate; Bachelor's degree or higher: - In labor force: - In Armed Forces,Margin of Error; Bachelor's degree or higher: - In labor force: - In Armed Forces,Estimate; Bachelor's degree or higher: - In labor force: - Civilian:,Margin of Error; Bachelor's degree or higher: - In labor force: - Civilian:,Estimate; Bachelor's degree or higher: - In labor force: - Civilian: - Employed,Margin of Error; Bachelor's degree or higher: - In labor force: - Civilian: - Employed,Estimate; Bachelor's degree or higher: - In labor force: - Civilian: - Unemployed,Margin of Error; Bachelor's degree or higher: - In labor force: - Civilian: - Unemployed,Estimate; Bachelor's degree or higher: - Not in labor force,Margin of Error; Bachelor's degree or higher: - Not in labor force
29100,"La Crosse, WI-MN Metro Area",67151,664,2114,654,1202,471,0,184,1202,471,1084,412,118,130,912,477,18372,2150,14418,1762,0,184,14418,1762,13648,1700,770,412,3954,853,26257,2147,22284,1978,53,92,22231,1978,21572,1893,659,338,3973,784,20408,1745,17955,1585,0,184,17955,1585,17592,1565,363,286,2453,659
29140,"Lafayette, IN Metro Area",94481,1352,8844,1537,5463,1334,0,184,5463,1334,4440,1109,1023,544,3381,862,25032,2045,18493,1908,0,184,18493,1908,17139,1892,1354,543,6539,1294,28544,1959,23608,1942,0,184,23608,1942,22507,1881,1101,582,4936,1064,32061,2534,27844,2374,19,31,27825,2372,26749,2256,1076,523,4217,948
29180,"Lafayette, LA Metro Area",148606,1209,20047,2914,12663,2462,0,193,12663,2462,10757,2234,1906,863,7384,1597,49429,3940,37006,3522,48,97,36958,3525,34476,3245,2482,1222,12423,1804,41882,3556,34050,3046,21,37,34029,3039,32042,3037,1987,992,7832,1520,37248,3210,33246,3098,89,149,33157,3065,32561,2950,596,389,4002,937
29340,"Lake Charles, LA Metro Area",103467,985,13321,2201,7469,1621,0,193,7469,1621,5967,1318,1502,609,5852,1266,39849,3092,29359,2765,0,193,29359,2765,27162,2675,2197,934,10490,1326,29670,3016,23190,2565,84,154,23106,2571,21986,2468,1120,505,6480,1250,20627,2084,18239,2060,0,193,18239,2060,17655,2029,584,455,2388,877
29420,"Lake Havasu City-Kingman, AZ Metro Area",99599,1404,18966,2685,8788,1534,0,198,8788,1534,6809,1337,1979,671,10178,2069,34859,3091,21010,2474,0,198,21010,2474,17747,2317,3263,1097,13849,2106,35507,3187,21313,2677,0,198,21313,2677,18623,2420,2690,908,14194,1905,10267,1972,8111,1768,0,198,8111,1768,7174,1750,937,480,2156,861
29460,"Lakeland-Winter Haven, FL Metro Area",302062,699,46284,4498,26414,3289,0,211,26414,3289,22059,2883,4355,1262,19870,2606,107794,5277,74442,4819,0,211,74442,4819,63412,4309,11030,2243,33352,2864,87873,5339,68406,4659,54,89,68352,4669,61079,4534,7273,1287,19467,2265,60111,4400,51014,3812,0,211,51014,3812,48260,3590,2754,907,9097,1671
29540,"Lancaster, PA Metro Area",264864,811,36603,2919,23152,2190,0,165,23152,2190,20509,2186,2643,871,13451,1555,101092,4432,80312,4326,0,165,80312,4326,74510,4241,5802,1347,20780,1920,59134,3849,49810,3593,81,132,49729,3605,47460,3478,2269,755,9324,1352,68035,3256,59308,3103,0,165,59308,3103,57846,2975,1462,524,8727,1424
29620,"Lansing-East Lansing, MI Metro Area",231827,955,14420,1455,8930,1291,0,161,8930,1291,6745,1034,2185,713,5490,960,54049,3237,38577,2757,0,161,38577,2757,33860,2657,4717,918,15472,1709,86623,3618,68862,3694,159,226,68703,3710,63342,3531,5361,1090,17761,1832,76735,3596,64171,3179,0,161,64171,3179,61776,3194,2395,710,12564,1673
29700,"Laredo, TX Metro Area",119294,473,39259,3065,19933,2131,0,206,19933,2131,18772,2010,1161,499,19326,2173,28725,2201,19551,2038,0,206,19551,2038,19011,2067,540,271,9174,1350,29619,2479,23347,2271,0,206,23347,2271,22575,2289,772,432,6272,971,21691,2304,18702,2220,0,206,18702,2220,18358,2160,344,237,2989,810
29740,"Las Cruces, NM Metro Area",102171,775,19220,2734,12802,2380,0,185,12802,2380,10354,2302,2448,1010,6418,1342,23312,2929,16793,2169,57,101,16736,2175,15277,2213,1459,650,6519,1756,30804,2590,23856,2452,102,131,23754,2418,21333,2439,2421,1079,6948,1246,28835,2974,24549,2706,124,191,24425,2707,23464,2600,961,506,4286,1110
29820,"Las Vegas-Paradise, NV Metro Area",1081293,816,163192,7588,112047,5285,0,200,112047,5285,94325,4995,17722,2134,51145,4200,318691,9916,245900,8382,228,199,245672,8365,209574,7822,36098,3302,72791,4334,363530,10528,288978,9418,2508,739,286470,9500,256297,8611,30173,3027,74552,4183,235880,8229,199402,7915,2350,800,197052,7865,185458,7319,11594,1875,36478,2801
29940,"Lawrence, KS Metro Area",52963,1031,2379,850,1656,734,0,165,1656,734,1585,715,71,122,723,346,10668,1660,9097,1585,0,165,9097,1585,8083,1435,1014,504,1571,571,13717,1602,11213,1478,0,165,11213,1478,10359,1523,854,438,2504,804,26199,2159,23517,2150,0,165,23517,2150,22815,2132,702,524,2682,870
30020,"Lawton, OK Metro Area",64437,1162,6119,1479,3058,979,0,149,3058,979,2377,853,681,444,3061,891,22147,2086,16124,1980,1317,611,14807,1902,13226,1734,1581,674,6023,1002,23470,2576,17785,2227,2568,1327,15217,1747,13867,1589,1350,585,5685,1058,12701,1665,11187,1552,1082,499,10105,1411,9875,1398,230,181,1514,596
30140,"Lebanon, PA Metro Area",69241,716,8137,1654,5437,1586,0,165,5437,1586,5114,1574,323,211,2700,809,29705,2246,23812,2159,0,165,23812,2159,22341,2040,1471,646,5893,1116,17609,1738,14586,1661,84,101,14502,1635,13703,1537,799,511,3023,704,13790,1838,12369,1727,46,79,12323,1727,11737,1729,586,459,1421,496
30300,"Lewiston, ID-WA Metro Area",31317,954,2842,702,1747,555,0,184,1747,555,1611,568,136,129,1095,410,8627,1120,6378,974,0,184,6378,974,5824,896,554,324,2249,607,13104,968,10360,982,0,184,10360,982,9907,941,453,288,2744,532,6744,924,5246,799,0,184,5246,799,4811,712,435,310,1498,526
30340,"Lewiston-Auburn, ME Metro Area",57549,535,3425,855,2022,690,0,155,2022,690,1709,617,313,274,1403,458,21566,1798,17302,1851,0,155,17302,1851,16248,1763,1054,579,4264,789,21380,2146,17516,1935,0,155,17516,1935,15945,1946,1571,600,3864,1024,11178,1485,9980,1383,0,155,9980,1383,9878,1383,102,130,1198,542
30460,"Lexington-Fayette, KY Metro Area",257867,1433,26659,2598,16663,2231,0,181,16663,2231,15528,2010,1135,564,9996,1369,60769,3852,45231,3281,0,181,45231,3281,42376,3205,2855,807,15538,2152,73906,4037,60108,3566,55,94,60053,3558,55787,3527,4266,1091,13798,1550,96533,4351,83439,3818,109,130,83330,3814,80599,3790,2731,727,13094,1976
30620,"Lima, OH Metro Area",52887,766,3709,865,1672,560,0,182,1672,560,1454,536,218,212,2037,593,20382,1694,14504,1548,0,182,14504,1548,13325,1570,1179,404,5878,1027,18563,1467,13820,1236,69,89,13751,1240,12458,1160,1293,557,4743,846,10233,1493,8980,1403,0,182,8980,1403,8746,1366,234,182,1253,379
30700,"Lincoln, NE Metro Area",156113,1378,9373,1632,6301,1350,0,149,6301,1350,5404,1216,897,493,3072,809,30635,2394,24108,2122,66,87,24042,2128,22491,2042,1551,630,6527,1248,57141,3010,47641,2501,239,214,47402,2530,45430,2476,1972,665,9500,1569,58964,2685,52662,2725,103,82,52559,2728,51384,2652,1175,538,6302,1089
30780,"Little Rock-North Little Rock-Conway, AR Metro Area",377448,2329,32410,3169,18959,2303,0,184,18959,2303,15950,2085,3009,1032,13451,2037,112911,5353,79797,4154,355,431,79442,4176,74024,3812,5418,1035,33114,2890,115279,4621,91546,4212,1292,573,90254,4114,83592,3759,6662,1446,23733,2312,116848,4212,102246,3741,900,388,101346,3755,97719,3657,3627,1041,14602,1859
30860,"Logan, UT-ID Metro Area",55434,998,3814,972,2492,778,0,184,2492,778,2221,727,271,241,1322,564,11767,1476,9434,1369,0,184,9434,1369,8874,1303,560,314,2333,578,20195,1795,15208,1495,5,9,15203,1494,14675,1472,528,297,4987,973,19658,1863,15848,1743,76,122,15772,1729,15353,1688,419,245,3810,903
30980,"Longview, TX Metro Area",109572,1470,20462,2142,12354,1595,0,206,12354,1595,11101,1671,1253,606,8108,1482,31582,2086,21370,1911,0,206,21370,1911,19703,1731,1667,712,10212,1527,39288,2764,30207,2387,0,206,30207,2387,28132,2420,2075,758,9081,1278,18240,2369,15823,2117,0,206,15823,2117,15372,2089,451,267,2417,784
31020,"Longview, WA Metro Area",53001,587,6498,1073,3665,925,0,192,3665,925,3201,899,464,301,2833,909,15314,1636,10229,1383,0,192,10229,1383,7799,1109,2430,1007,5085,962,22481,1895,16561,1813,44,70,16517,1811,15083,1762,1434,701,5920,1026,8708,1249,7040,1065,43,71,6997,1059,6698,1026,299,198,1668,527
31100,"Los Angeles-Long Beach-Santa Ana, CA Metro Area",7037037,642,1417302,17707,975185,14614,0,197,975185,14614,864147,13738,111038,5733,442117,9369,1377281,16906,1035792,15019,1147,628,1034645,15091,915256,14126,119389,5008,341489,9931,1944002,20300,1552316,18902,1168,543,1551148,18942,1395315,17450,155833,6775,391686,8708,2298452,19685,1974564,18911,1911,701,1972653,18896,1851614,18881,121039,5490,323888,8929
31140,"Louisville/Jefferson County, KY-IN Metro Area",704182,2568,66639,4361,35501,3316,0,184,35501,3316,29106,3054,6395,1240,31138,2859,214979,6742,158958,5795,232,210,158726,5802,142230,5329,16496,1876,56021,3993,221966,6573,179363,6111,843,498,178520,6041,165158,6066,13362,1724,42603,2851,200598,5698,173725,5280,573,335,173152,5265,167233,5194,5919,1164,26873,2406
31180,"Lubbock, TX Metro Area",137591,714,18595,2310,11408,2061,0,206,11408,2061,10272,2003,1136,614,7187,1408,33523,3112,25393,2846,0,206,25393,2846,22763,2455,2630,983,8130,1489,47996,3001,39139,2887,0,206,39139,2887,37547,2878,1592,693,8857,1312,37477,2680,32777,2527,83,86,32694,2515,31656,2449,1038,498,4700,1032
31340,"Lynchburg, VA Metro Area",127570,2277,13766,1597,7138,1011,0,192,7138,1011,6355,986,783,315,6628,1257,40865,2494,28304,2306,0,192,28304,2306,26432,2370,1872,655,12561,1774,40958,2595,32381,2593,36,70,32345,2606,29919,2470,2426,930,8577,1422,31981,2382,27978,2391,94,142,27884,2405,27395,2373,489,330,4003,846
31420,"Macon, GA Metro Area",120964,1711,17762,2325,9431,1630,0,208,9431,1630,7805,1541,1626,582,8331,1621,38651,2583,25250,2234,0,208,25250,2234,23117,2068,2133,671,13401,1689,38720,2646,30201,2506,35,60,30166,2525,28220,2403,1946,672,8519,1341,25831,2675,21630,2345,0,208,21630,2345,20869,2320,761,352,4201,1108
31460,"Madera-Chowchilla, CA Metro Area",75140,678,22603,2247,14532,1940,0,197,14532,1940,13880,1824,652,521,8071,1502,19845,2411,9826,1602,0,197,9826,1602,9330,1657,496,303,10019,1679,23260,2136,14276,1699,0,197,14276,1699,13230,1676,1046,454,8984,1495,9432,1813,6875,1522,0,197,6875,1522,6668,1471,207,216,2557,935
31540,"Madison, WI Metro Area",318618,755,14318,2152,10274,1753,0,145,10274,1753,9398,1686,876,423,4044,952,63923,3778,51672,3083,0,145,51672,3083,47900,2942,3772,684,12251,1605,98951,3949,83364,3916,0,145,83364,3916,79603,3809,3761,869,15587,1639,141426,4278,123749,4271,172,157,123577,4256,120858,4168,2719,737,17677,1799
31700,"Manchester-Nashua, NH Metro Area",225744,1008,15385,2152,10549,1796,0,181,10549,1796,9305,1667,1244,655,4836,1064,58051,3659,46277,3269,73,118,46204,3271,44141,3123,2063,643,11774,1872,62000,3099,52690,2875,0,181,52690,2875,49998,2854,2692,819,9310,1311,90308,4174,80649,4076,243,330,80406,4111,77135,4136,3271,1005,9659,1450
31740,"Manhattan, KS Metro Area",60896,1117,3402,1009,1983,792,173,293,1810,746,1617,676,193,208,1419,866,15873,1905,13229,1685,1641,774,11588,1555,11041,1600,547,322,2644,766,21272,1979,16775,1637,3613,989,13162,1439,12618,1421,544,351,4497,1194,20349,1773,17258,1805,930,418,16328,1796,16186,1784,142,138,3091,887
31860,"Mankato-North Mankato, MN Metro Area",46832,426,1748,519,1004,327,0,139,1004,327,930,333,74,119,744,338,12078,1084,10201,1154,0,139,10201,1154,9699,1054,502,262,1877,495,17002,1291,15060,1241,22,36,15038,1245,14688,1286,350,197,1942,508,16004,1361,14929,1323,0,139,14929,1323,14642,1329,287,209,1075,383
31900,"Mansfield, OH Metro Area",64108,621,6982,1234,2888,820,0,182,2888,820,2574,757,314,247,4094,1021,25185,1801,18347,1852,0,182,18347,1852,16684,1837,1663,677,6838,1150,21734,1758,15484,1711,148,246,15336,1721,13473,1458,1863,1053,6250,1020,10207,1536,8742,1352,0,182,8742,1352,8289,1243,453,418,1465,550
32580,"McAllen-Edinburg-Mission, TX Metro Area",363293,934,119429,5580,73427,4736,0,206,73427,4736,63937,4335,9490,2227,46002,3790,88676,4657,63039,4038,0,206,63039,4038,56271,3911,6768,1479,25637,2680,91011,5211,71429,4688,160,272,71269,4702,65842,4882,5427,1608,19582,2673,64177,5008,55235,4827,45,79,55190,4815,52861,4725,2329,819,8942,1801
32780,"Medford, OR Metro Area",105195,1122,11166,1739,7887,1427,0,193,7887,1427,6268,1196,1619,802,3279,869,28092,2825,19497,2514,0,193,19497,2514,16785,2486,2712,885,8595,1572,40345,2938,29868,2725,0,193,29868,2725,27109,2739,2759,1031,10477,1860,25592,2668,20791,2261,0,193,20791,2261,19342,2098,1449,758,4801,1463
32820,"Memphis, TN-MS-AR Metro Area",704197,1599,83333,5054,44702,3548,0,184,44702,3548,36073,2992,8629,1564,38631,3155,196364,6408,142018,5691,139,169,141879,5687,125687,5369,16192,2345,54346,3338,233503,6392,189456,6337,504,317,188952,6343,172380,6167,16572,2312,44047,2839,190997,8043,163831,7223,613,323,163218,7193,158596,7222,4622,1046,27166,2796
32900,"Merced, CA Metro Area",122787,703,38351,3382,25705,3056,0,197,25705,3056,22293,2814,3412,1011,12646,1596,33000,2937,24227,2830,0,197,24227,2830,18660,2410,5567,1546,8773,1362,35727,3074,27370,2849,0,197,27370,2849,23325,2476,4045,1122,8357,1436,15709,2420,14022,2395,0,197,14022,2395,13409,2329,613,357,1687,441
33100,"Miami-Fort Lauderdale-Pompano Beach, FL Metro Area",3086889,767,379758,12764,253994,9702,0,211,253994,9702,211625,9171,42369,3541,125764,7777,849755,16321,656858,13706,165,273,656693,13745,576135,14589,80558,5636,192897,9237,906972,15411,746354,15567,2233,1106,744121,15674,670573,14616,73548,5327,160618,7075,950404,14717,813425,14191,878,515,812547,14260,759903,14102,52644,4089,136979,6240
33140,"Michigan City-La Porte, IN Metro Area",59906,625,6779,912,2864,690,0,184,2864,690,2491,684,373,210,3915,713,23853,1753,16212,1781,0,184,16212,1781,14583,1615,1629,608,7641,1191,20363,1702,14978,1649,0,184,14978,1649,14041,1640,937,365,5385,943,8911,1283,7467,1197,0,184,7467,1197,6902,1186,565,412,1444,484
33260,"Midland, TX Metro Area",76174,662,11995,1871,8846,1606,0,206,8846,1606,8662,1591,184,202,3149,881,17788,2335,13769,2254,0,206,13769,2254,13342,2204,427,433,4019,1018,27946,2676,23140,2743,0,206,23140,2743,22075,2808,1065,722,4806,1153,18445,2260,14929,2049,0,206,14929,2049,14679,2041,250,267,3516,859
33340,"Milwaukee-Waukesha-West Allis, WI Metro Area",833417,1550,71620,3680,42001,3267,0,145,42001,3267,35318,2802,6683,1077,29619,2585,208728,6335,159336,5787,0,145,159336,5787,143434,5352,15902,1762,49392,2842,261690,7049,217399,6604,39,65,217360,6600,201905,6680,15455,1907,44291,3088,291379,6826,256093,6547,87,121,256006,6548,248659,6512,7347,1177,35286,2569
33460,"Minneapolis-St. Paul-Bloomington, MN-WI Metro Area",1850540,2640,109163,5131,72139,4741,0,184,72139,4741,62666,4163,9473,1767,37024,2976,368185,7961,289884,7471,132,169,289752,7463,266690,7580,23062,2338,78301,4639,604381,10634,518091,9557,919,505,517172,9469,486735,9009,30437,2204,86290,4001,768811,11361,691626,11127,661,363,690965,11143,668457,10776,22508,2358,77185,3752
33540,"Missoula, MT Metro Area",59176,841,2002,968,1270,850,0,157,1270,850,1112,842,158,162,732,412,11960,1816,9322,1603,0,157,9322,1603,8218,1539,1104,597,2638,856,19321,2141,15381,2011,0,157,15381,2011,14033,1935,1348,594,3940,1210,25893,1873,22605,1812,0,157,22605,1812,21675,1878,930,486,3288,770
33660,"Mobile, AL Metro Area",214012,990,28404,2771,13732,2121,0,184,13732,2121,10486,1731,3246,1272,14672,1832,68996,3845,46322,3418,168,200,46154,3435,40836,3096,5318,1303,22674,2338,67840,3329,50374,3319,855,723,49519,3316,44903,3233,4616,1300,17466,2296,48772,4005,40891,3940,166,200,40725,3926,39282,3810,1443,529,7881,1347
33700,"Modesto, CA Metro Area",262084,1087,54896,4341,36884,3585,0,197,36884,3585,29547,3212,7337,1545,18012,2202,73848,4276,54606,3740,71,115,54535,3734,44655,3357,9880,1935,19242,2301,90374,3990,67886,3698,247,291,67639,3656,59817,3710,7822,1505,22488,2388,42966,3159,35856,3147,0,197,35856,3147,32843,2951,3013,886,7110,1334
33740,"Monroe, LA Metro Area",89285,1159,11622,1631,5962,1389,0,193,5962,1389,5299,1293,663,395,5660,1083,30879,2395,18766,2035,0,193,18766,2035,17596,1965,1170,456,12113,1878,27234,2266,20539,2256,68,109,20471,2234,18543,2168,1928,721,6695,1231,19550,2181,17530,2290,0,193,17530,2290,16877,2251,653,441,2020,612
33780,"Monroe, MI Metro Area",81297,586,5730,1323,3138,830,0,161,3138,830,2549,766,589,344,2592,946,29690,2043,20493,1788,0,161,20493,1788,18052,1578,2441,901,9197,1301,30278,1923,24701,1797,0,161,24701,1797,23755,1767,946,417,5577,1043,15599,1689,13222,1468,0,161,13222,1468,12806,1464,416,230,2377,667
33860,"Montgomery, AL Metro Area",197608,1359,24043,2463,11419,1778,0,184,11419,1778,9420,1662,1999,723,12624,1845,56230,4202,39728,3513,44,71,39684,3520,36547,3386,3137,871,16502,1806,61942,3809,46294,3508,344,228,45950,3509,43045,3470,2905,763,15648,1945,55393,3616,45801,3042,1480,566,44321,2938,42784,2908,1537,716,9592,1746
34060,"Morgantown, WV Metro Area",66670,898,5385,1057,2409,798,0,182,2409,798,2016,753,393,259,2976,689,23503,1970,16296,1791,0,182,16296,1791,15145,1783,1151,487,7207,1139,14872,1482,10819,1194,0,182,10819,1194,10229,1165,590,407,4053,976,22910,1897,19372,1930,0,182,19372,1930,18991,1905,381,311,3538,939
34100,"Morristown, TN Metro Area",70351,1149,11734,1438,4444,808,0,193,4444,808,3598,741,846,417,7290,1382,28458,2082,20637,1921,0,193,20637,1921,18285,1987,2352,826,7821,1305,18949,1788,15078,1707,143,333,14935,1681,13158,1672,1777,594,3871,907,11210,1618,9352,1525,0,193,9352,1525,9074,1528,278,217,1858,687
34580,"Mount Vernon-Anacortes, WA Metro Area",59848,725,6034,1364,2902,811,0,192,2902,811,2616,801,286,193,3132,932,15785,1773,11476,1372,85,140,11391,1385,10354,1269,1037,445,4309,941,23576,1827,17851,1743,127,109,17724,1745,16374,1672,1350,449,5725,1104,14453,1561,11439,1514,238,94,11201,1508,10794,1435,407,343,3014,664
34620,"Muncie, IN Metro Area",52689,505,5117,1239,2985,1046,0,184,2985,1046,2106,721,879,579,2132,601,18765,1931,13240,1702,0,184,13240,1702,11403,1645,1837,704,5525,1095,17388,1579,13084,1636,0,184,13084,1636,11609,1613,1475,535,4304,847,11419,1387,9278,1213,0,184,9278,1213,9122,1216,156,160,2141,632
34740,"Muskegon-Norton Shores, MI Metro Area",89372,767,9837,1368,4622,1044,0,161,4622,1044,3294,891,1328,647,5215,734,29707,2040,20269,1712,135,219,20134,1703,17614,1802,2520,689,9438,1217,34117,1828,27128,1697,134,150,26994,1711,23687,1685,3307,877,6989,1122,15711,1751,13194,1762,0,161,13194,1762,12620,1736,574,284,2517,556
34820,"Myrtle Beach-North Myrtle Beach-Conway, SC Metro Area",147114,1133,18892,2648,11359,2236,0,197,11359,2236,9266,2027,2093,862,7533,1376,42993,2897,29140,2418,40,65,29100,2416,24696,2251,4404,962,13853,1962,54839,3229,43189,3169,114,188,43075,3162,39769,2938,3306,1030,11650,1810,30390,2708,24857,2573,0,197,24857,2573,24019,2575,838,440,5533,1023
34900,"Napa, CA Metro Area",72641,493,14846,2389,12671,2398,0,197,12671,2398,11772,2499,899,401,2175,745,14759,1669,11334,1600,91,159,11243,1620,9309,1623,1934,655,3425,809,21505,1767,17357,1678,0,197,17357,1678,16098,1744,1259,481,4148,804,21531,1756,18737,1755,75,97,18662,1749,18082,1689,580,325,2794,596
34940,"Naples-Marco Island, FL Metro Area",152072,905,27601,3050,19561,2857,0,211,19561,2857,17720,2596,1841,896,8040,2043,40774,3734,31332,3257,0,211,31332,3257,29486,3270,1846,829,9442,1800,42850,3814,32491,4020,0,211,32491,4020,29973,3822,2518,934,10359,1747,40847,3017,31988,2722,0,211,31988,2722,30300,2692,1688,708,8859,1614
34980,"Nashville-Davidson--Murfreesboro--Franklin, TN Metro Area",902203,3316,91220,5202,52334,4348,0,193,52334,4348,44724,4096,7610,1482,38886,2736,248274,7382,185459,7840,27,59,185432,7827,167863,7520,17569,2390,62815,3422,248735,7858,202877,7320,399,253,202478,7341,189371,7089,13107,1984,45858,3199,313974,7484,269455,7308,383,298,269072,7326,261312,7394,7760,1721,44519,3436
35300,"New Haven-Milford, CT Metro Area",460338,385,42753,3565,24900,2880,0,193,24900,2880,21058,2525,3842,1031,17853,2191,132456,5313,103041,4909,0,193,103041,4909,88636,4925,14405,2364,29415,2826,123412,4169,105468,4099,0,193,105468,4099,93387,3671,12081,1916,17944,1931,161717,5745,142261,5346,440,491,141821,5342,135178,5304,6643,1209,19456,1930
35380,"New Orleans-Metairie-Kenner, LA Metro Area",659107,1417,87378,5255,52621,4404,0,193,52621,4404,43240,3892,9381,2341,34757,3007,179658,5142,130556,4724,151,172,130405,4714,118017,4349,12388,1871,49102,3330,206729,5691,162078,5207,886,510,161192,5220,148498,5100,12694,1367,44651,2927,185342,6354,158124,6421,1037,468,157087,6425,151552,6340,5535,1194,27218,2333
35620,"New York-Northern New Jersey-Long Island, NY-NJ-PA Metro Area",10473643,2346,1361906,18989,882517,13835,0,184,882517,13835,765457,12878,117060,5535,479389,11814,2491271,27629,1862743,23884,698,391,1862045,23906,1663710,21778,198335,8538,628528,15208,2470455,27022,1985784,25007,2467,729,1983317,24962,1795251,22989,188066,6887,484671,10162,4150011,28226,3610491,25031,775,365,3609716,25077,3429220,23877,180496,6990,539520,13011
35660,"Niles-Benton Harbor, MI Metro Area",80840,513,8691,1345,4767,908,0,161,4767,908,3902,856,865,420,3924,845,24634,1737,18062,1437,0,161,18062,1437,15966,1452,2096,587,6572,1137,26144,1621,19614,1461,0,161,19614,1461,18325,1434,1289,437,6530,1009,21371,1756,17820,1515,0,161,17820,1515,17183,1469,637,304,3551,772
35840,"North Port-Bradenton-Sarasota, FL Metro Area",337644,2087,32894,3242,23072,2925,0,211,23072,2925,18528,2485,4544,1570,9822,1792,99312,5283,74077,5231,0,211,74077,5231,64824,4916,9253,1957,25235,2341,111179,4386,85554,4570,203,244,85351,4602,76724,4310,8627,1738,25625,2571,94259,5024,76587,4367,0,211,76587,4367,73210,4135,3377,975,17672,2077
35980,"Norwich-New London, CT Metro Area",147348,1198,9904,1765,6535,1628,0,193,6535,1628,5080,1434,1455,633,3369,825,46756,2595,37378,2543,602,428,36776,2457,33405,2442,3371,953,9378,1552,43350,2809,36362,2677,1845,711,34517,2666,30834,2519,3683,1021,6988,1248,47338,2634,41922,2335,900,437,41022,2303,39453,2347,1569,603,5416,1014
36100,"Ocala, FL Metro Area",154891,1390,18989,2728,9744,1847,0,211,9744,1847,8055,1786,1689,597,9245,2103,56001,3768,37214,3498,0,211,37214,3498,32386,3433,4828,1232,18787,2459,52023,3598,36921,3043,215,364,36706,3068,32622,3007,4084,1199,15102,1943,27878,2938,22065,2690,0,211,22065,2690,20033,2478,2032,1202,5813,1351
36140,"Ocean City, NJ Metro Area",49463,691,4870,1377,3430,1238,0,192,3430,1238,2319,845,1111,734,1440,527,16182,1462,11744,1363,187,294,11557,1376,10017,1472,1540,499,4438,870,11752,1294,9726,1281,85,98,9641,1264,8808,1192,833,383,2026,648,16659,1468,13658,1517,39,65,13619,1511,12906,1492,713,284,3001,654
36220,"Odessa, TX Metro Area",72509,1092,17946,1953,10795,1673,0,206,10795,1673,9788,1527,1007,609,7151,1487,20078,2156,15681,2100,0,206,15681,2100,15273,2069,408,279,4397,1007,24888,2454,19767,2275,0,206,19767,2275,18890,2193,877,591,5121,1202,9597,1416,7949,1330,0,206,7949,1330,7861,1312,88,111,1648,573
36260,"Ogden-Clearfield, UT Metro Area",274480,1154,17603,2192,13171,1836,0,181,13171,1836,12056,1787,1115,558,4432,1186,65974,3785,51218,3706,137,114,51081,3685,48035,3637,3046,839,14756,1789,107709,4147,83369,3927,1148,441,82221,3886,79591,3813,2630,763,24340,1940,83194,3985,71649,3329,643,389,71006,3413,69821,3403,1185,431,11545,1399
36420,"Oklahoma City, OK Metro Area",676072,1626,75327,3844,48311,3172,30,51,48281,3170,44358,2925,3923,889,27016,2190,178594,5833,127133,5020,316,176,126817,5057,118987,5082,7830,1392,51461,3119,223385,6175,171637,5596,2210,591,169427,5508,161641,5398,7786,1256,51748,2757,198766,5168,169648,4803,1827,530,167821,4816,164364,4803,3457,932,29118,2285
36500,"Olympia, WA Metro Area",139177,1215,7664,1512,4284,1204,0,192,4284,1204,3447,1133,837,459,3380,1003,31822,2799,24740,2254,372,258,24368,2266,21580,2165,2788,883,7082,1432,57986,2862,46024,2843,1092,630,44932,2815,41970,2831,2962,857,11962,1661,41705,3387,35393,2938,750,372,34643,2903,32959,2796,1684,633,6312,1250
36540,"Omaha-Council Bluffs, NE-IA Metro Area",470757,1091,41068,2700,27250,2555,0,184,27250,2555,23833,2425,3417,920,13818,1588,104782,3924,81985,3437,160,108,81825,3451,77054,3547,4771,1061,22797,1798,155580,4709,130836,4431,1420,570,129416,4486,122597,4228,6819,1187,24744,1959,169327,4797,148924,4699,1864,561,147060,4760,143384,4599,3676,700,20403,1793
36740,"Orlando-Kissimmee-Sanford, FL Metro Area",1182601,1857,124118,7746,81144,6234,0,211,81144,6234,66823,5117,14321,2625,42974,4150,329411,10157,247974,9437,0,211,247974,9437,214904,8895,33070,4152,81437,5986,383388,11793,312755,10727,773,539,311982,10793,282470,9545,29512,3637,70633,6549,345684,11454,300507,10325,309,303,300198,10366,283612,10124,16586,2454,45177,3393
36780,"Oshkosh-Neenah, WI Metro Area",90594,819,5545,898,3025,703,0,145,3025,703,2800,674,225,202,2520,577,27051,2021,20350,1832,0,145,20350,1832,18160,1613,2190,672,6701,1074,31054,2050,24962,2019,0,145,24962,2019,23576,1951,1386,461,6092,999,26944,2180,24164,1967,0,145,24164,1967,23440,2067,724,373,2780,767
36980,"Owensboro, KY Metro Area",61568,1416,6893,1273,2604,918,0,181,2604,918,2389,890,215,268,4289,1079,24068,1691,17929,1747,0,181,17929,1747,16640,1837,1289,574,6139,928,18401,1667,14500,1404,25,46,14475,1395,13682,1356,793,356,3901,824,12206,1635,10102,1374,0,181,10102,1374,9908,1376,194,184,2104,694
37100,"Oxnard-Thousand Oaks-Ventura, CA Metro Area",437483,722,74683,4015,55288,3317,0,197,55288,3317,49969,3395,5319,1198,19395,2299,75821,4672,57531,4449,529,255,57002,4468,49248,3843,7754,1730,18290,2134,147531,4830,119415,5078,940,366,118475,5086,108561,5050,9914,1431,28116,2762,139448,5188,118164,4579,843,558,117321,4439,109499,4375,7822,1422,21284,2165
37340,"Palm Bay-Melbourne-Titusville, FL Metro Area",280751,686,24303,2989,13435,1872,0,211,13435,1872,10934,1846,2501,1131,10868,2066,76731,4822,55653,4170,318,370,55335,4088,46627,3752,8708,1863,21078,2391,102113,5603,77144,5240,350,189,76794,5216,67958,4384,8836,1952,24969,2996,77604,3946,67411,3559,556,419,66855,3510,62171,3429,4684,1256,10193,1753
37380,"Palm Coast, FL Metro Area",47099,1243,4958,1717,1761,749,0,211,1761,749,1150,520,611,632,3197,1317,16044,1753,10716,1710,0,211,10716,1710,9730,1632,986,573,5328,1148,14771,1944,9505,1803,0,211,9505,1803,8596,1833,909,500,5266,1197,11326,1651,8239,1354,0,211,8239,1354,7619,1224,620,358,3087,920
37460,"Panama City-Lynn Haven-Panama City Beach, FL Metro Area",92480,750,9517,1881,5504,1425,0,211,5504,1425,4455,1273,1049,492,4013,1073,24269,2247,17108,1945,94,106,17014,1949,14937,1774,2077,747,7161,1209,36528,2760,29019,2881,665,451,28354,2789,26266,2783,2088,848,7509,1241,22166,2604,18479,2554,487,240,17992,2513,17223,2378,769,409,3687,935
37620,"Parkersburg-Marietta-Vienna, WV-OH Metro Area",86773,1248,7128,1211,2865,769,0,184,2865,769,2599,723,266,213,4263,1029,34043,2132,23293,1927,0,184,23293,1927,21191,1787,2102,802,10750,1372,28537,1959,21432,1816,0,184,21432,1816,20032,1777,1400,523,7105,1152,17065,1911,14222,1822,0,184,14222,1822,13562,1788,660,355,2843,808
37700,"Pascagoula, MS Metro Area",84500,1336,9398,1734,4997,1280,0,198,4997,1280,4071,1158,926,499,4401,892,25822,2655,16985,2091,0,198,16985,2091,15450,2033,1535,702,8837,1558,31006,2390,23599,2279,54,91,23545,2292,22358,2295,1187,516,7407,1259,18274,2203,14748,2022,203,200,14545,2010,13960,1982,585,346,3526,1091
37860,"Pensacola-Ferry Pass-Brent, FL Metro Area",241068,1790,24322,2551,12616,1962,81,135,12535,1960,10022,1857,2513,790,11706,1470,66499,4279,46193,3927,877,480,45316,3882,39849,3708,5467,1310,20306,2064,89849,4650,68101,4280,3050,981,65051,4188,59696,3901,5355,1445,21748,2431,60398,3723,52213,3717,3453,1198,48760,3819,47557,3873,1203,609,8185,1328
37900,"Peoria, IL Metro Area",197334,862,13167,1724,7192,1442,0,179,7192,1442,6168,1264,1024,466,5975,1080,55985,3123,43691,3090,86,141,43605,3081,39835,2980,3770,1050,12294,1497,72127,3501,58174,3208,53,70,58121,3202,54814,3150,3307,773,13953,1484,56055,3116,48159,3134,69,116,48090,3132,47363,3094,727,317,7896,1095
37980,"Philadelphia-Camden-Wilmington, PA-NJ-DE-MD Metro Area",3212324,2183,278763,8688,147765,5528,0,184,147765,5528,120659,5181,27106,2953,130998,6130,924277,15269,686348,13232,402,326,685946,13205,602689,11780,83257,5264,237929,8435,836539,11223,685618,11328,2258,675,683360,11268,619111,10702,64249,3576,150921,4987,1172745,12198,1025808,12690,1934,575,1023874,12633,978158,12160,45716,3015,146937,5156
38060,"Phoenix-Mesa-Glendale, AZ Metro Area",2226719,1303,299132,8266,187133,8145,0,198,187133,8145,164443,7555,22690,2670,111999,5336,502336,10767,360022,9165,294,255,359728,9138,325633,7887,34095,3827,142314,6092,762951,12694,600677,11852,1315,533,599362,11891,552017,11925,47345,3801,162274,6886,662300,11751,557029,11715,559,230,556470,11739,534711,11281,21759,2310,105271,4370
38220,"Pine Bluff, AR Metro Area",51595,1159,7563,1271,2849,857,0,184,2849,857,2200,784,649,362,4714,989,20659,1935,11444,1332,0,184,11444,1332,10106,1333,1338,654,9215,1461,14656,1584,10424,1455,0,184,10424,1455,9344,1479,1080,557,4232,824,8717,1298,7479,1182,0,184,7479,1182,7161,1170,318,251,1238,539
38300,"Pittsburgh, PA Metro Area",1264145,1433,62004,3737,31079,2642,0,165,31079,2642,25311,2334,5768,1209,30925,2539,391284,8108,284230,7119,68,114,284162,7112,260434,6649,23728,2363,107054,4334,375439,7862,303248,7170,283,229,302965,7171,284821,6980,18144,2088,72191,3363,435418,8826,377566,8569,410,246,377156,8539,363645,8838,13511,1718,57852,3076
38340,"Pittsfield, MA Metro Area",67319,723,4379,989,2228,682,0,195,2228,682,2020,661,208,147,2151,717,21495,2084,16483,1756,0,195,16483,1756,14427,1606,2056,664,5012,990,18961,1622,15126,1484,35,60,15091,1478,13265,1340,1826,678,3835,838,22484,2122,19501,2006,0,195,19501,2006,18431,1975,1070,435,2983,727
38540,"Pocatello, ID Metro Area",44527,961,2492,684,1410,575,0,187,1410,575,1202,535,208,182,1082,439,13058,1822,9824,1770,0,187,9824,1770,8957,1671,867,372,3234,726,16928,1789,12596,1607,0,187,12596,1607,12014,1476,582,340,4332,926,12049,1498,10056,1373,0,187,10056,1373,9883,1365,173,136,1993,527
38860,"Portland-South Portland-Biddeford, ME Metro Area",287624,973,16596,2511,9611,1721,0,155,9611,1721,8585,1668,1026,498,6985,1555,76150,4042,58366,3354,93,131,58273,3386,53540,3247,4733,1154,17784,2702,85175,3977,70004,3907,79,101,69925,3904,66063,3525,3862,1035,15171,1885,109703,4703,96038,4707,172,184,95866,4692,93542,4707,2324,550,13665,1874
38900,"Portland-Vancouver-Hillsboro, OR-WA Metro Area",1283578,2500,104053,5235,68515,5183,0,184,68515,5183,58697,4895,9818,1722,35538,3146,265902,8125,197954,7466,237,290,197717,7457,174778,7392,22939,2472,67948,3869,449075,9189,357213,8741,602,443,356611,8767,323988,7905,32623,2839,91862,4292,464548,9341,394362,8977,243,259,394119,8964,375863,8811,18256,2095,70186,3432
38940,"Port St. Lucie, FL Metro Area",209759,1437,28163,3065,17008,2392,0,211,17008,2392,13681,2378,3327,1672,11155,1857,58570,4797,41469,4150,0,211,41469,4150,36910,3567,4559,1452,17101,2576,71905,4459,55133,3936,52,85,55081,3943,48925,3767,6156,1759,16772,2421,51121,4290,40336,3972,0,211,40336,3972,35954,3492,4382,1487,10785,1837
39100,"Poughkeepsie-Newburgh-Middletown, NY Metro Area",350011,1050,31164,2463,18629,2162,37,61,18592,2166,16844,2177,1748,658,12535,1652,95503,4531,69489,3859,0,185,69489,3859,62367,3677,7122,1327,26014,2688,115284,4533,94099,4245,445,348,93654,4279,86711,4233,6943,1300,21185,2084,108060,4492,92902,4450,615,270,92287,4455,88636,4206,3651,763,15158,1777
39140,"Prescott, AZ Metro Area",103454,703,11631,1816,7678,1889,0,198,7678,1889,7135,1900,543,363,3953,1191,25433,2696,18864,2177,0,198,18864,2177,16643,2102,2221,790,6569,1320,39969,2804,27028,2659,0,198,27028,2659,25225,2650,1803,811,12941,1506,26421,2594,18136,2665,0,198,18136,2665,16348,2304,1788,944,8285,1427
39300,"Providence-New Bedford-Fall River, RI-MA Metro Area",849168,1387,98771,5234,57252,3767,0,184,57252,3767,48500,3624,8752,1596,41519,3423,234088,8710,178742,7498,271,242,178471,7459,159306,7364,19165,2284,55346,4007,249726,6601,206222,6391,870,391,205352,6355,187556,6056,17796,1959,43504,2997,266583,7252,236597,7619,1177,457,235420,7619,223068,7459,12352,1830,29986,2762
39340,"Provo-Orem, UT Metro Area",231278,1165,16429,2053,11813,1719,0,181,11813,1719,10742,1658,1071,489,4616,1050,40756,3137,30684,2519,0,181,30684,2519,28652,2463,2032,612,10072,1298,91936,3149,68976,2861,328,227,68648,2856,64972,2790,3676,832,22960,2164,82157,2898,68382,2810,176,182,68206,2792,65297,2834,2909,902,13775,1143
39380,"Pueblo, CO Metro Area",81372,585,8351,1688,4348,1221,0,189,4348,1221,3001,861,1347,724,4003,907,23410,1799,15544,1432,0,189,15544,1432,14149,1427,1395,458,7866,1283,33437,2301,25319,2205,65,106,25254,2210,22790,2105,2464,1025,8118,1257,16174,1479,13262,1448,0,189,13262,1448,12571,1427,691,428,2912,734
39460,"Punta Gorda, FL Metro Area",72694,1014,8108,1548,4663,1185,0,211,4663,1185,2552,761,2111,1029,3445,1092,21872,2226,13920,1854,0,211,13920,1854,12980,1809,940,406,7952,1657,27846,2449,20007,2038,58,95,19949,2030,18468,1873,1481,743,7839,1318,14868,2349,10267,1751,0,211,10267,1751,9960,1791,307,270,4601,1236
39540,"Racine, WI Metro Area",103956,952,9452,1525,5013,955,0,145,5013,955,4002,909,1011,533,4439,1283,29455,2269,22214,2067,0,145,22214,2067,20054,2022,2160,657,7241,1446,39363,2524,32450,2202,0,145,32450,2202,29569,2306,2881,766,6913,1279,25686,2079,22391,1832,0,145,22391,1832,21340,1775,1051,456,3295,744
39580,"Raleigh-Cary, NC Metro Area",655406,1189,58091,4901,37197,4333,0,193,37197,4333,31759,3988,5438,1549,20894,2281,123483,6198,92806,5709,162,255,92644,5744,83856,5371,8788,1820,30677,3047,184639,7275,153928,7023,560,328,153368,7005,143952,6912,9416,1926,30711,2507,289193,6278,248843,6373,608,435,248235,6355,238733,6049,9502,1593,40350,3628
39660,"Rapid City, SD Metro Area",68560,1677,4720,1129,2577,731,0,147,2577,731,2403,713,174,185,2143,851,19876,2056,15762,1912,79,112,15683,1888,15217,1894,466,280,4114,888,26062,2240,21317,2265,102,103,21215,2248,20262,2326,953,526,4745,1137,17902,2029,15376,1775,109,148,15267,1756,15047,1735,220,241,2526,913
39740,"Reading, PA Metro Area",211970,688,26152,2508,16224,2129,0,165,16224,2129,13992,2187,2232,726,9928,1466,78457,3015,62561,2616,20,33,62541,2617,57778,2549,4763,978,15896,1800,54843,3109,45489,2970,100,166,45389,3030,41034,2903,4355,1333,9354,1543,52518,3256,46369,3295,0,165,46369,3295,44904,3256,1465,516,6149,1155
39820,"Redding, CA Metro Area",91544,982,9635,1610,5085,1432,0,197,5085,1432,4176,1167,909,553,4550,937,22969,2245,14801,1622,26,44,14775,1617,11965,1501,2810,928,8168,1450,41612,2523,30244,2276,0,197,30244,2276,27258,2181,2986,1091,11368,1543,17328,2117,13411,1723,0,197,13411,1723,12825,1725,586,287,3917,927
39900,"Reno-Sparks, NV Metro Area",231402,1195,31103,2809,21970,2516,0,200,21970,2516,18483,2194,3487,1202,9133,1576,52964,3785,41352,3718,0,200,41352,3718,35651,3386,5701,1277,11612,1550,83081,3917,65586,3698,160,135,65426,3705,59432,3534,5994,1435,17495,1830,64254,3439,53770,2831,232,247,53538,2815,51121,2750,2417,762,10484,1939
40060,"Richmond, VA Metro Area",694475,4020,74438,4597,42688,4264,0,192,42688,4264,36462,3726,6226,1449,31750,2786,180743,4929,135355,4832,745,528,134610,4842,122873,4709,11737,1646,45388,3296,201305,5831,165971,5582,2312,835,163659,5728,153513,5965,10146,1722,35334,2653,237989,5852,206899,5906,1690,763,205209,5765,198336,5774,6873,1243,31090,2878
40140,"Riverside-San Bernardino-Ontario, CA Metro Area",2179365,1216,452546,9592,282381,7596,62,103,282319,7571,236815,7003,45504,3462,170165,6979,552254,12630,391520,10204,2513,1027,389007,10240,337946,9880,51061,3873,160734,6484,753952,12510,566295,11375,5803,1403,560492,11687,499734,11154,60758,3883,187657,7139,420613,11355,347439,10202,1813,623,345626,10091,320832,9555,24794,2561,73174,4419
40220,"Roanoke, VA Metro Area",166114,1746,16262,1932,9174,1531,0,192,9174,1531,8412,1455,762,436,7088,1334,49242,3561,35503,3331,0,192,35503,3331,32441,3139,3062,1039,13739,1689,54255,3456,42454,3283,172,282,42282,3206,39386,3253,2896,1061,11801,1838,46355,3619,40026,3525,0,192,40026,3525,39354,3496,672,460,6329,1258
40340,"Rochester, MN Metro Area",100783,804,4444,1065,2652,690,0,139,2652,690,2453,658,199,154,1792,652,20245,1632,17069,1515,0,139,17069,1515,16341,1513,728,422,3176,675,36415,1883,31012,1747,49,81,30963,1751,30385,1769,578,231,5403,1093,39679,1881,36479,1916,0,139,36479,1916,35906,1895,573,260,3200,665
40380,"Rochester, NY Metro Area",553503,1277,42289,3087,23489,2262,0,185,23489,2262,19736,2001,3753,894,18800,2117,144533,5109,106245,4550,11,18,106234,4548,97834,4536,8400,1242,38288,2727,181932,5047,147393,4458,38,65,147355,4445,136357,4441,10998,1585,34539,2605,184749,5128,159846,4888,40,77,159806,4877,152485,4842,7321,1342,24903,2155
40420,"Rockford, IL Metro Area",180748,998,20869,1897,13195,1712,0,179,13195,1712,10277,1458,2918,1032,7674,1233,59415,3594,46232,3381,0,179,46232,3381,41007,3360,5225,1247,13183,1516,59637,3112,48420,2996,57,90,48363,2991,44718,2799,3645,1077,11217,1309,40827,3234,35552,2826,0,179,35552,2826,33731,2724,1821,568,5275,1328
40580,"Rocky Mount, NC Metro Area",77867,1279,14172,2101,7311,1664,0,193,7311,1664,6153,1539,1158,640,6861,1317,27102,2336,19596,2287,0,193,19596,2287,16149,1916,3447,1105,7506,1393,23728,2137,18680,2049,42,75,18638,2039,16305,1913,2333,682,5048,1033,12865,1839,10575,1623,0,193,10575,1623,10246,1522,329,315,2290,594
40660,"Rome, GA Metro Area",48996,893,10700,1371,5480,1017,0,208,5480,1017,4241,1084,1239,638,5220,904,12993,1487,9550,1410,0,208,9550,1410,7614,1384,1936,765,3443,846,16149,1717,12791,1620,143,222,12648,1600,11283,1531,1365,633,3358,777,9154,1270,7907,1181,0,208,7907,1181,7467,1085,440,290,1247,559
40900,"Sacramento--Arden-Arcade--Roseville, CA Metro Area",1152174,1490,130308,6090,78422,4764,0,197,78422,4764,64321,4046,14101,2092,51886,2979,242376,8022,176930,6481,277,291,176653,6528,149176,5916,27477,2693,65446,3868,425131,8688,334368,9042,1053,589,333315,8960,294499,8646,38816,3298,90763,4707,354359,6689,300015,6322,936,390,299079,6391,281803,6241,17276,2101,54344,3194
40980,"Saginaw-Saginaw Township North, MI Metro Area",99737,609,10723,1663,4388,1175,0,161,4388,1175,2808,658,1580,1070,6335,1122,31206,1911,19958,1648,0,161,19958,1648,17563,1651,2395,526,11248,1362,36718,2269,27813,1918,0,161,27813,1918,24852,1817,2961,663,8905,1204,21090,1554,18536,1401,0,161,18536,1401,17721,1468,815,391,2554,902
41060,"St. Cloud, MN Metro Area",96253,912,5229,1207,3458,940,0,139,3458,940,3089,926,369,263,1771,613,26743,1804,21809,1740,0,139,21809,1740,20531,1794,1278,488,4934,915,38238,2126,33573,1887,41,52,33532,1882,32006,1766,1526,494,4665,877,26043,1892,23159,1783,0,139,23159,1783,22879,1761,280,217,2884,781
41100,"St. George, UT Metro Area",61080,800,5136,1140,3118,1023,0,181,3118,1023,2616,947,502,319,2018,638,14772,2090,11632,1971,0,181,11632,1971,10649,1940,983,538,3140,1071,27404,2481,20223,2161,0,181,20223,2161,18752,2340,1471,657,7181,1406,13768,1664,10274,1637,0,181,10274,1637,9492,1547,782,522,3494,858
41140,"St. Joseph, MO-KS Metro Area",66402,1008,8128,1381,3799,837,0,184,3799,837,3370,812,429,298,4329,981,24510,1900,16985,1886,0,184,16985,1886,15480,1765,1505,631,7525,875,19813,1522,14581,1521,0,184,14581,1521,13943,1541,638,333,5232,892,13951,1564,12096,1523,0,184,12096,1523,11372,1403,724,415,1855,483
41180,"St. Louis, MO-IL Metro Area",1509625,3052,122145,5377,70081,3808,0,184,70081,3808,56526,3657,13555,1863,52064,3409,379134,10123,281281,9033,100,130,281181,9035,251010,8623,30171,2958,97853,4843,506871,9423,416442,8540,1853,533,414589,8551,381115,8529,33474,3051,90429,4355,501475,9777,437720,8951,1190,347,436530,8999,421397,9036,15133,1793,63755,3425
41420,"Salem, OR Metro Area",199714,1271,30250,2860,22570,2594,0,193,22570,2594,17606,2744,4964,1424,7680,1678,50697,3935,36661,3091,31,52,36630,3086,31463,2934,5167,1339,14036,2000,73587,3571,57758,2937,59,97,57699,2954,50508,2912,7191,1612,15829,1815,45180,3103,37503,3057,51,89,37452,3042,35382,3097,2070,663,7677,1525
41500,"Salinas, CA Metro Area",217647,1051,68399,3436,47293,3209,0,197,47293,3209,42585,3302,4708,1137,21106,1810,40801,2684,30708,2607,114,189,30594,2577,27807,2473,2787,744,10093,1498,60300,3325,44858,2904,1002,454,43856,2854,40904,2828,2952,812,15442,1633,48147,2834,40023,2460,1583,526,38440,2451,36390,2403,2050,646,8124,1294
41540,"Salisbury, MD Metro Area",64139,1281,8707,1369,4499,1196,0,190,4499,1196,3989,1106,510,319,4208,1408,20339,1969,14155,2149,23,40,14132,2148,12688,2081,1444,537,6184,1257,18236,1935,14131,1915,15,26,14116,1916,13479,1873,637,327,4105,1152,16857,2008,14651,1799,0,190,14651,1799,14070,1679,581,445,2206,790
41620,"Salt Lake City, UT Metro Area",603204,1255,65247,4802,45472,4204,0,181,45472,4204,39866,4186,5606,1349,19775,2445,127585,5465,101058,5121,44,74,101014,5094,92910,5052,8104,1723,26527,2092,213839,6109,171278,5832,162,170,171116,5849,160634,5731,10482,1825,42561,3443,196533,5228,169044,4837,194,165,168850,4823,164422,4775,4428,1076,27489,2377
41660,"San Angelo, TX Metro Area",56637,1013,7471,1412,4586,1018,0,206,4586,1018,4334,976,252,284,2885,812,19726,2619,15204,2695,38,72,15166,2688,13916,2378,1250,746,4522,1011,19242,2066,16530,1969,1210,636,15320,1873,14704,1891,616,556,2712,674,10198,1507,8236,1479,892,747,7344,1297,7024,1250,320,309,1962,721
41700,"San Antonio-New Braunfels, TX Metro Area",1159589,2300,165721,7179,100761,6329,0,206,100761,6329,91572,6030,9189,1709,64960,4213,290295,8862,219606,8046,628,355,218978,8026,203897,7869,15081,2269,70689,4043,388259,9303,305500,9011,4725,1284,300775,8906,280448,8417,20327,2658,82759,4461,315314,8923,267982,8494,4936,1067,263046,8523,253690,8532,9356,1703,47332,3020
41740,"San Diego-Carlsbad-San Marcos, CA Metro Area",1699959,427,223166,7862,143364,6694,270,260,143094,6709,128583,6545,14511,1814,79802,4355,319416,9537,235227,9017,7969,1489,227258,8809,200891,7756,26367,3409,84189,4254,560210,11519,425309,11204,18852,2586,406457,10739,368390,10085,38067,3151,134901,6986,597167,10038,510093,9649,11153,2589,498940,9888,474791,9434,24149,2315,87074,4602
41780,"Sandusky, OH Metro Area",39819,686,3803,1006,1842,583,0,182,1842,583,1631,495,211,172,1961,781,14433,1640,11516,1650,0,182,11516,1650,10854,1588,662,376,2917,716,12815,1734,9952,1624,0,182,9952,1624,9178,1471,774,352,2863,872,8768,1464,7843,1350,0,182,7843,1350,7551,1380,292,213,925,399
41860,"San Francisco-Oakland-Fremont, CA Metro Area",2550507,1450,277522,9325,183672,7274,0,197,183672,7274,161402,7045,22270,2425,93850,5081,397769,12214,300357,9978,40,66,300317,9974,265119,9242,35198,3705,97412,5478,675910,11274,539639,11020,1229,590,538410,11117,489342,10995,49068,3680,136271,5413,1199306,13643,1037036,12451,1322,649,1035714,12400,982781,12539,52933,3874,162270,7382
41940,"San Jose-Sunnyvale-Santa Clara, CA Metro Area",1056894,877,134032,6481,92968,5192,0,197,92968,5192,81431,4959,11537,1895,41064,3366,151252,6416,116564,5094,0,197,116564,5094,101224,5288,15340,1976,34688,3305,262267,7846,208916,7121,59,73,208857,7115,188393,6794,20464,2236,53351,3029,509343,7264,431066,6537,285,231,430781,6552,409929,6825,20852,2475,78277,3871
42020,"San Luis Obispo-Paso Robles, CA Metro Area",135731,1205,12075,1911,8335,1848,0,197,8335,1848,7986,1839,349,308,3740,900,24622,2624,17905,2369,289,382,17616,2267,16248,2232,1368,566,6717,953,54538,3861,41716,3640,318,370,41398,3652,38594,3541,2804,883,12822,1867,44496,3190,36551,2990,121,149,36430,3001,35679,2936,751,412,7945,1314
42060,"Santa Barbara-Santa Maria-Goleta, CA Metro Area",208687,666,46043,3334,33519,2820,0,197,33519,2820,29316,2609,4203,1038,12524,1806,39271,3297,28755,2915,0,197,28755,2915,25873,2840,2882,652,10516,1440,62362,3826,47511,3125,772,448,46739,3102,42877,2961,3862,942,14851,2000,61011,3311,50726,3198,468,300,50258,3161,48608,3063,1650,736,10285,1339
42100,"Santa Cruz-Watsonville, CA Metro Area",139631,750,19978,2675,15756,2447,0,197,15756,2447,14399,2262,1357,865,4222,1128,21089,2640,15492,2416,0,197,15492,2416,13897,2316,1595,675,5597,1196,45242,3167,35159,2787,14,29,35145,2788,32445,2713,2700,814,10083,1316,53322,3132,46219,3209,39,65,46180,3219,44947,3087,1233,426,7103,1182
42140,"Santa Fe, NM Metro Area",80500,336,11582,1846,8426,1704,0,185,8426,1704,6913,1300,1513,629,3156,896,15631,1606,10707,1464,0,185,10707,1464,9664,1270,1043,614,4924,917,23765,2131,18122,1969,18,30,18104,1967,16836,1866,1268,678,5643,984,29522,2144,24732,2150,0,185,24732,2150,23594,2085,1138,473,4790,807
42220,"Santa Rosa-Petaluma, CA Metro Area",265108,783,36748,2990,25441,2803,0,197,25441,2803,22258,2438,3183,1053,11307,1943,53402,4348,41125,3801,63,82,41062,3789,37548,3537,3514,1089,12277,1966,94322,4451,73886,4264,263,302,73623,4252,66426,3852,7197,1350,20436,2067,80636,4750,67963,4055,0,197,67963,4055,64805,4027,3158,763,12673,2003
42340,"Savannah, GA Metro Area",189479,1224,19015,2439,11040,1631,0,208,11040,1631,9425,1497,1615,680,7975,1680,52648,3200,39021,2962,598,345,38423,2903,34673,2644,3750,1104,13627,1784,61825,3906,48219,3310,1997,698,46222,3301,43489,3161,2733,877,13606,1908,55991,3295,48797,3195,1097,657,47700,3142,45297,3041,2403,752,7194,1146
42540,"Scranton--Wilkes-Barre, PA Metro Area",293345,1035,24384,1996,13600,1570,0,165,13600,1570,11288,1352,2312,823,10784,1398,105517,3997,75235,3323,101,94,75134,3324,67866,3128,7268,1230,30282,2237,88235,3783,70412,3411,334,225,70078,3410,65008,3230,5070,938,17823,1803,75209,3758,66349,3722,48,68,66301,3737,64040,3631,2261,560,8860,1180
42660,"Seattle-Tacoma-Bellevue, WA Metro Area",2021479,1597,152086,6508,97999,5031,0,192,97999,5031,87288,5049,10711,1596,54087,3518,413997,10660,312843,10180,2329,779,310514,10170,283584,9647,26930,2705,101154,5183,673439,12281,539850,10724,6294,1134,533556,10847,494270,10847,39286,3414,133589,5673,781957,11652,672127,10343,4967,1080,667160,10216,642270,10457,24890,2472,109830,5464
42680,"Sebastian-Vero Beach, FL Metro Area",64488,1397,9827,2083,6527,1636,0,211,6527,1636,4163,1329,2364,1112,3300,1589,17066,2444,12643,2117,0,211,12643,2117,10415,1697,2228,1125,4423,1178,22079,2232,16677,2192,0,211,16677,2192,14776,1919,1901,960,5402,1307,15516,2103,12191,1904,0,211,12191,1904,11429,1857,762,454,3325,774
43100,"Sheboygan, WI Metro Area",62045,790,5890,1406,4333,1126,0,145,4333,1126,3465,956,868,867,1557,605,19573,1631,15990,1507,0,145,15990,1507,14408,1426,1582,542,3583,631,19774,1697,16953,1530,41,67,16912,1536,15866,1441,1046,477,2821,745,16808,1653,14786,1595,0,145,14786,1595,14407,1616,379,227,2022,571
43300,"Sherman-Denison, TX Metro Area",61916,927,8584,1695,5522,1325,0,206,5522,1325,4927,1308,595,298,3062,871,16368,1713,11831,1618,0,206,11831,1618,11024,1582,807,410,4537,1186,25166,2022,18895,1939,0,206,18895,1939,17368,1699,1527,680,6271,1125,11798,1539,9805,1495,0,206,9805,1495,9522,1450,283,271,1993,675
43340,"Shreveport-Bossier City, LA Metro Area",211155,1156,27386,2896,14972,1816,0,193,14972,1816,12752,1716,2220,871,12414,1977,63649,3501,44428,3005,421,277,44007,3034,40711,2919,3296,1128,19221,2358,68478,4066,55009,3502,1047,513,53962,3481,50977,3355,2985,862,13469,1741,51642,3347,44819,3366,1433,647,43386,3398,42249,3388,1137,475,6823,1245
43580,"Sioux City, IA-NE-SD Metro Area",72540,1519,10571,1339,7928,1221,0,184,7928,1221,6964,1180,964,490,2643,796,23387,2188,18025,1783,0,184,18025,1783,16910,1791,1115,406,5362,1214,23063,2074,19409,1970,24,32,19385,1974,18840,1969,545,363,3654,962,15519,1491,13858,1510,0,184,13858,1510,13766,1512,92,72,1661,603
43620,"Sioux Falls, SD Metro Area",128067,1075,8751,1458,6580,1295,0,147,6580,1295,5588,1166,992,524,2171,735,37502,2779,31514,2708,43,69,31471,2715,30397,2748,1074,484,5988,1190,42404,2416,37526,2355,88,97,37438,2362,36372,2418,1066,501,4878,1002,39410,2469,35960,2406,152,167,35808,2372,35158,2379,650,324,3450,864
43780,"South Bend-Mishawaka, IN-MI Metro Area",161440,781,17468,1857,10734,1453,0,184,10734,1453,8389,1289,2345,701,6734,1076,46973,2436,35665,2502,0,184,35665,2502,32018,2439,3647,859,11308,1173,51389,2873,40288,2707,66,111,40222,2691,36461,2561,3761,932,11101,1230,45610,2418,40202,2229,0,184,40202,2229,38969,2311,1233,558,5408,947
43900,"Spartanburg, SC Metro Area",149569,749,24635,2914,12552,1909,0,197,12552,1909,10512,1740,2040,710,12083,1908,45090,2741,32370,2600,46,77,32324,2604,28865,2591,3459,1183,12720,1758,47614,2878,37452,2565,0,197,37452,2565,34969,2429,2483,748,10162,1546,32230,2815,26547,2717,0,197,26547,2717,25735,2742,812,374,5683,1194
44060,"Spokane, WA Metro Area",248972,1024,15245,2178,8130,1500,0,192,8130,1500,6999,1376,1131,563,7115,1505,59221,3859,43504,3658,145,105,43359,3644,38882,3370,4477,1113,15717,1824,105171,4228,76469,3597,678,283,75791,3557,69484,3450,6307,1111,28702,2968,69335,3290,57581,3263,526,331,57055,3285,54980,3218,2075,541,11754,1407
44100,"Springfield, IL Metro Area",114153,1018,7927,1491,4403,1248,0,179,4403,1248,3311,1037,1092,582,3524,1026,29643,2277,22741,2223,15,25,22726,2225,20802,2172,1924,589,6902,1300,35578,2430,29718,2221,133,112,29585,2243,27676,2262,1909,568,5860,1139,41005,2569,35000,2438,345,413,34655,2443,33733,2409,922,501,6005,1116
44140,"Springfield, MA Metro Area",355944,1504,36248,2726,18018,2057,0,195,18018,2057,15341,1908,2677,775,18230,1966,94284,4452,70070,4153,76,128,69994,4173,61872,3722,8122,1384,24214,2694,107374,4937,86005,4272,125,127,85880,4277,79926,4102,5954,1127,21369,2404,118038,5133,105449,5217,300,262,105149,5173,101008,5096,4141,1028,12589,1528
44180,"Springfield, MO Metro Area",226734,1760,22171,2512,12095,1941,0,177,12095,1941,9316,1519,2779,966,10076,1475,61536,3847,45077,3438,0,177,45077,3438,41166,3370,3911,1014,16459,2239,81819,4657,64144,4141,180,203,63964,4105,59807,3934,4157,1020,17675,2010,61208,3398,51449,3203,137,176,51312,3229,49767,3212,1545,680,9759,1578
44220,"Springfield, OH Metro Area",69414,556,7486,1221,4128,887,0,182,4128,887,2890,710,1238,726,3358,786,26642,1988,18646,1628,0,182,18646,1628,16474,1498,2172,657,7996,1374,22809,1891,18364,1821,0,182,18364,1821,16589,1687,1775,599,4445,745,12477,1701,10879,1727,83,136,10796,1726,10369,1613,427,323,1598,435
44300,"State College, PA Metro Area",68902,1165,3616,914,1723,492,0,165,1723,492,1516,464,207,168,1893,749,19988,1978,14932,1641,10,17,14922,1639,13857,1503,1065,515,5056,894,16085,1874,12310,1541,0,165,12310,1541,11582,1507,728,470,3775,951,29213,2263,25495,2093,0,165,25495,2093,24766,2151,729,410,3718,892
44600,"Steubenville-Weirton, OH-WV Metro Area",63391,1352,5473,1031,2071,682,0,184,2071,682,1951,681,120,108,3402,807,24670,2087,16388,1691,0,184,16388,1691,14851,1650,1537,495,8282,1086,20855,1872,16572,1747,0,184,16572,1747,16053,1743,519,247,4283,791,12393,1537,10385,1456,0,184,10385,1456,10077,1451,308,209,2008,708
44700,"Stockton, CA Metro Area",349950,496,72728,5011,45099,3706,0,197,45099,3706,37002,3621,8097,1432,27629,2755,87435,5359,62553,4252,0,197,62553,4252,50214,3675,12339,2144,24882,2465,122254,5580,95397,4639,59,97,95338,4616,83261,4631,12077,1791,26857,2815,67533,4543,56681,4047,0,197,56681,4047,53553,3754,3128,936,10852,1544
44940,"Sumter, SC Metro Area",55142,552,6753,1405,3943,1110,0,197,3943,1110,2969,1017,974,485,2810,759,16061,2203,11982,1719,137,198,11845,1743,10727,1536,1118,622,4079,1176,21960,1863,17409,1674,785,459,16624,1713,14636,1663,1988,772,4551,880,10368,1535,8678,1316,615,380,8063,1213,7913,1210,150,119,1690,659
45060,"Syracuse, NY Metro Area",341052,963,28098,2328,14167,1846,0,185,14167,1846,12037,1758,2130,589,13931,1589,96188,4128,70388,3674,128,151,70260,3667,64685,3480,5575,1101,25800,2383,110598,3740,88204,3560,368,351,87836,3507,81622,3528,6214,1064,22394,1900,106168,3789,91274,3422,144,147,91130,3414,88266,3449,2864,829,14894,1693
45220,"Tallahassee, FL Metro Area",185137,2068,15007,1771,7401,1443,0,211,7401,1443,6043,1429,1358,531,7606,1347,41809,2938,28072,2454,0,211,28072,2454,24692,2451,3380,915,13737,1856,56228,3813,44229,3710,54,95,44175,3707,41036,3665,3139,733,11999,1800,72093,3532,61646,3632,173,229,61473,3605,59328,3605,2145,834,10447,1496
45300,"Tampa-St. Petersburg-Clearwater, FL Metro Area",1499329,1672,153103,7481,91715,5762,0,211,91715,5762,75512,4985,16203,2246,61388,4171,437203,10228,311964,10033,0,211,311964,10033,273459,8340,38505,3647,125239,5714,476799,9470,372310,8506,2088,795,370222,8462,335834,7672,34388,3076,104489,4875,432224,13026,368594,12499,2400,669,366194,12328,348673,11661,17521,2187,63630,3866
45460,"Terre Haute, IN Metro Area",88405,1673,10264,1555,4687,1170,0,184,4687,1170,4207,1077,480,287,5577,917,32061,2305,22671,1941,68,112,22603,1947,20541,1906,2062,605,9390,1282,28112,2100,21557,1741,10,18,21547,1743,20363,1786,1184,427,6555,1071,17968,2088,15197,2057,37,61,15160,2053,14771,2041,389,216,2771,623
45500,"Texarkana, TX-Texarkana, AR Metro Area",71100,1060,7667,1283,3092,851,0,184,3092,851,2706,789,386,224,4575,1028,26658,2298,18177,1823,0,184,18177,1823,16815,1883,1362,668,8481,1438,24422,1962,18072,1777,85,143,17987,1783,16884,1784,1103,538,6350,1116,12353,1824,10101,1588,0,184,10101,1588,9486,1629,615,474,2252,679
45780,"Toledo, OH Metro Area",332296,1257,28775,2553,15476,1747,0,182,15476,1747,11598,1654,3878,1103,13299,1584,102589,4513,75009,3971,0,182,75009,3971,66607,3766,8402,1261,27580,2631,117489,4132,94424,3449,44,59,94380,3448,87087,3436,7293,1476,23065,2376,83443,4077,72492,3767,0,182,72492,3767,70083,3735,2409,698,10951,1402
45820,"Topeka, KS Metro Area",121012,1196,9070,1454,4954,957,0,165,4954,957,4596,881,358,216,4116,964,38208,2834,28816,2458,0,165,28816,2458,26068,2229,2748,824,9392,1474,39856,2588,32522,2318,217,227,32305,2298,29822,2229,2483,1002,7334,1178,33878,2416,29531,2070,89,146,29442,2083,29283,2082,159,109,4347,1071
45940,"Trenton-Ewing, NJ Metro Area",195994,597,19201,2173,12852,1723,0,192,12852,1723,9590,1517,3262,960,6349,1379,53037,3336,39967,3289,0,192,39967,3289,33659,2828,6308,1522,13070,2100,45259,2577,35441,2503,0,192,35441,2503,32005,2255,3436,1015,9818,1630,78497,3039,68786,2881,0,192,68786,2881,66142,2948,2644,651,9711,1580
46060,"Tucson, AZ Metro Area",498858,422,57836,4198,34173,3029,0,198,34173,3029,27932,2632,6241,1314,23663,2626,107426,4116,76422,4044,117,145,76305,4047,67418,4103,8887,1462,31004,2629,189078,5753,143267,5509,2809,880,140458,5681,129768,5649,10690,1602,45811,3663,144518,5455,119274,5383,1266,601,118008,5392,112973,5374,5035,1138,25244,2219
46140,"Tulsa, OK Metro Area",496472,971,52225,2487,31684,1836,0,149,31684,1836,28049,1514,3635,697,20541,1521,141085,3119,102069,2679,15,24,102054,2677,94859,2503,7195,939,39016,2001,167050,3839,131173,4043,370,205,130803,4011,122672,3882,8131,1075,35877,2403,136112,3367,115734,3306,0,149,115734,3306,111968,3315,3766,693,20378,1500
46220,"Tuscaloosa, AL Metro Area",107930,1189,12642,2119,5220,1378,0,184,5220,1378,4432,1336,788,337,7422,1482,34197,2571,22465,2626,0,184,22465,2626,21231,2546,1234,464,11732,1544,29480,2694,22133,2512,0,184,22133,2512,20216,2386,1917,620,7347,1347,31611,2434,27429,2413,0,184,27429,2413,25876,2389,1553,438,4182,929
46340,"Tyler, TX Metro Area",104481,1033,15711,2285,10750,1981,0,206,10750,1981,10196,1966,554,349,4961,1251,25495,3092,17311,2570,0,206,17311,2570,16061,2476,1250,662,8184,1691,38031,2752,29922,2574,0,206,29922,2574,28760,2590,1162,452,8109,1587,25244,2687,21698,2436,0,206,21698,2436,21415,2404,283,222,3546,926
46540,"Utica-Rome, NY Metro Area",154587,820,15116,1489,7172,989,0,185,7172,989,6309,965,863,258,7944,1187,48039,2673,34492,2297,23,39,34469,2296,30950,2141,3519,783,13547,1513,53483,2690,43157,2409,91,115,43066,2426,39822,2372,3244,769,10326,1377,37949,2568,32910,2650,76,124,32834,2635,31445,2437,1389,471,5039,875
46660,"Valdosta, GA Metro Area",68548,1445,10133,1745,5874,1252,0,208,5874,1252,4727,1119,1147,569,4259,1027,20412,2255,14451,1632,128,131,14323,1613,12380,1637,1943,705,5961,1158,24155,2364,18333,2149,1151,495,17182,2070,14572,1933,2610,918,5822,1048,13848,1779,11747,1646,134,111,11613,1641,11401,1636,212,173,2101,576
46700,"Vallejo-Fairfield, CA Metro Area",227753,380,27341,2353,15427,2175,0,197,15427,2175,12644,1917,2783,797,11914,1706,53284,3002,37837,2635,477,509,37360,2623,32427,2630,4933,1179,15447,1630,92561,3662,73013,3354,2752,1001,70261,3360,62194,3394,8067,1454,19548,1799,54567,3035,45915,2887,713,368,45202,2828,41664,2774,3538,847,8652,1337
47020,"Victoria, TX Metro Area",60583,1257,9323,1717,6112,1496,0,206,6112,1496,5610,1366,502,401,3211,835,20338,1950,15929,1724,0,206,15929,1724,14321,1564,1608,742,4409,1027,21622,2078,17593,2009,0,206,17593,2009,16992,1937,601,431,4029,979,9300,1237,8126,1123,0,206,8126,1123,7989,1143,137,180,1174,619
47220,"Vineland-Millville-Bridgeton, NJ Metro Area",85585,398,18915,2012,10217,1675,0,192,10217,1675,8726,1628,1491,572,8698,1458,33208,2412,20431,1987,0,192,20431,1987,17490,1868,2941,908,12777,1726,20921,2153,15937,1878,0,192,15937,1878,14008,1646,1929,739,4984,960,12541,1523,10205,1553,0,192,10205,1553,9535,1543,670,352,2336,706
47260,"Virginia Beach-Norfolk-Newport News, VA-NC Metro Area",894964,3155,73898,4536,46561,3664,116,178,46445,3653,39068,3435,7377,1566,27337,2384,221020,6897,169270,6089,6672,1340,162598,6063,149224,5982,13374,1748,51750,3407,335486,7937,273974,7427,18786,2024,255188,7296,236346,7097,18842,2255,61512,3689,264560,6809,227274,6335,14835,1802,212439,6392,205249,6418,7190,1142,37286,2527
47300,"Visalia-Porterville, CA Metro Area",212566,705,67372,3545,45286,2898,0,197,45286,2898,37020,2986,8266,1547,22086,2086,51180,3430,38210,2986,5,11,38205,2985,33659,2883,4546,1010,12970,1720,62325,3987,46983,3564,0,197,46983,3564,42668,3390,4315,947,15342,2227,31689,3831,27789,3746,22,36,27767,3742,26537,3650,1230,606,3900,976
47380,"Waco, TX Metro Area",113398,594,17518,1787,11470,1709,0,206,11470,1709,10173,1562,1297,623,6048,1384,30298,2555,22615,2137,0,206,22615,2137,19894,1902,2721,943,7683,1482,39645,2509,30446,2129,0,206,30446,2129,29003,2158,1443,628,9199,1515,25937,2682,22423,2353,33,57,22390,2349,21987,2323,403,325,3514,946
47580,"Warner Robins, GA Metro Area",77957,1103,6399,1578,4293,1382,0,208,4293,1382,3744,1338,549,358,2106,784,18602,2102,12773,2116,8,15,12765,2114,11341,2064,1424,691,5829,1320,32827,2968,26276,2734,396,279,25880,2744,24128,2628,1752,818,6551,1327,20129,2908,18430,2718,937,523,17493,2678,16606,2720,887,1023,1699,710
47900,"Washington-Arlington-Alexandria, DC-VA-MD-WV Metro Area",3297942,3400,295483,10919,216703,9409,0,184,216703,9409,195386,9057,21317,2223,78780,4426,602503,12516,482023,11189,1829,723,480194,11211,436335,10157,43859,3642,120480,5369,762135,13050,639092,11895,9867,1501,629225,12001,590854,11220,38371,3014,123043,4732,1637821,16612,1458538,16272,20384,1790,1438154,16411,1395537,16286,42617,3132,179283,5978
47940,"Waterloo-Cedar Falls, IA Metro Area",82214,969,7155,1138,4858,1020,0,151,4858,1020,4191,1032,667,413,2297,594,25412,1878,20318,1602,0,151,20318,1602,19429,1579,889,357,5094,957,25297,1589,21586,1464,36,60,21550,1457,20591,1512,959,375,3711,695,24350,2046,21089,1782,0,151,21089,1782,20670,1755,419,272,3261,735
48140,"Wausau, WI Metro Area",71728,505,5106,933,3814,861,0,145,3814,861,2836,649,978,575,1292,376,25199,1715,20617,1638,35,59,20582,1643,19363,1634,1219,413,4582,824,23247,1678,20103,1729,16,26,20087,1727,18577,1575,1510,703,3144,743,18176,1831,16309,1645,0,145,16309,1645,15757,1603,552,237,1867,584
48300,"Wenatchee-East Wenatchee, WA Metro Area",56832,1033,9992,1570,7258,1204,0,192,7258,1204,6528,1218,730,429,2734,903,15836,2051,11225,1803,0,192,11225,1803,10019,1707,1206,573,4611,1167,18605,2094,13407,1824,0,192,13407,1824,12470,1828,937,399,5198,1062,12399,1544,10875,1426,0,192,10875,1426,10595,1427,280,243,1524,620
48540,"Wheeling, WV-OH Metro Area",78053,544,7432,1566,3902,1080,0,184,3902,1080,3709,1079,193,143,3530,862,29387,1589,20559,1656,0,184,20559,1656,18908,1500,1651,570,8828,1060,25403,2247,19684,1891,0,184,19684,1891,17893,1586,1791,734,5719,980,15831,1653,13860,1493,0,184,13860,1493,13374,1478,486,261,1971,492
48620,"Wichita, KS Metro Area",321870,1138,30347,3155,19870,2340,0,165,19870,2340,18200,2238,1670,644,10477,2007,82533,4594,60779,4271,246,323,60533,4256,54823,3992,5710,1092,21754,2282,114154,5143,91573,4524,1138,518,90435,4527,85130,4292,5305,1116,22581,2361,94836,4244,82555,4027,624,405,81931,4011,79819,3870,2112,609,12281,1347
48660,"Wichita Falls, TX Metro Area",75484,860,7996,1108,3875,818,0,206,3875,818,3521,815,354,231,4121,862,24778,2085,17227,2012,98,161,17129,2019,16503,2027,626,321,7551,1422,27026,2244,21511,2064,892,584,20619,2049,19652,1998,967,523,5515,999,15684,1681,13746,1586,855,373,12891,1569,12630,1569,261,206,1938,553
48700,"Williamsport, PA Metro Area",60572,582,5428,1039,3435,757,0,165,3435,757,2675,632,760,419,1993,620,23920,1737,17595,1422,0,165,17595,1422,16140,1351,1455,671,6325,1173,18411,1643,15254,1549,25,42,15229,1553,14621,1516,608,292,3157,626,12813,1601,11422,1496,0,165,11422,1496,10983,1460,439,259,1391,423
48900,"Wilmington, NC Metro Area",197249,1084,18716,2750,11877,2115,0,193,11877,2115,9273,1744,2604,1205,6839,1767,47670,3164,33873,2929,115,192,33758,2990,30146,2890,3612,833,13797,1798,69731,3663,52752,3395,242,219,52510,3344,48829,3372,3681,980,16979,2284,61132,3379,50051,3420,505,393,49546,3328,47456,3301,2090,636,11081,1699
49020,"Winchester, VA-WV Metro Area",69350,1730,7472,1454,4135,1029,0,184,4135,1029,3340,988,795,476,3337,1170,23406,2388,17341,2136,0,184,17341,2136,16103,2062,1238,609,6065,1134,19688,2072,16704,1929,0,184,16704,1929,15618,1942,1086,574,2984,1056,18784,1696,16352,1703,0,184,16352,1703,15661,1711,691,364,2432,893
49180,"Winston-Salem, NC Metro Area",254388,1279,34686,3106,23169,2474,0,193,23169,2474,19094,2307,4075,1173,11517,1743,67164,3931,48891,3862,65,100,48826,3866,42187,3523,6639,1447,18273,1985,75005,4288,58300,4169,43,71,58257,4162,53277,4151,4980,958,16705,1775,77533,3778,66130,3530,23,37,66107,3528,63129,3545,2978,809,11403,1238
49340,"Worcester, MA Metro Area",435572,332,34545,3297,17925,2805,0,195,17925,2805,14961,2388,2964,906,16620,1934,119543,5048,90973,4490,0,195,90973,4490,80798,4185,10175,1982,28570,3200,125767,5555,106032,5480,220,264,105812,5469,98288,5225,7524,1310,19735,2099,155717,5411,136150,5032,75,120,136075,5037,130879,4924,5196,1124,19567,2115
49420,"Yakima, WA Metro Area",117473,527,34130,2337,24148,2090,0,192,24148,2090,21053,1947,3095,1153,9982,1359,30178,2473,21566,2243,0,192,21566,2243,20002,2205,1564,600,8612,1519,36280,2298,28412,2313,63,104,28349,2298,25273,2292,3076,901,7868,1192,16885,2199,14289,1877,36,62,14253,1872,13817,1822,436,356,2596,612
49620,"York-Hanover, PA Metro Area",235415,565,21986,2244,14583,1665,0,165,14583,1665,12097,1636,2486,847,7403,1364,93505,3845,72949,3758,87,142,72862,3781,67038,3695,5824,1194,20556,1840,62884,3275,51924,2973,133,123,51791,2987,48872,2968,2919,671,10960,1514,57040,3646,49043,3170,82,126,48961,3153,47702,3160,1259,507,7997,1303
49660,"Youngstown-Warren-Boardman, OH-PA Metro Area",288721,957,26002,2283,13440,1774,0,184,13440,1774,11609,1653,1831,576,12562,1327,115712,3777,78959,3527,0,184,78959,3527,72385,3236,6574,1117,36753,2410,86777,3476,66297,3028,230,154,66067,3052,61135,3242,4932,987,20480,1976,60230,3064,51298,2934,0,184,51298,2934,48988,2825,2310,673,8932,1160
49700,"Yuba City, CA Metro Area",83187,702,15729,1678,9036,1140,0,197,9036,1140,6864,1018,2172,749,6693,1265,18873,2067,12721,1699,30,54,12691,1707,10627,1466,2064,655,6152,1085,34469,2543,26315,2576,1307,554,25008,2571,22852,2396,2156,845,8154,1281,14116,1886,11719,1769,653,614,11066,1652,10242,1562,824,381,2397,571
49740,"Yuma, AZ Metro Area",89065,500,24373,2064,15284,2043,0,198,15284,2043,12140,1747,3144,819,9089,1267,19427,2228,12348,2026,329,192,12019,2006,10779,2000,1240,472,7079,1289,31678,2707,24044,2316,416,258,23628,2306,21204,2164,2424,793,7634,1242,13587,2333,11399,2168,728,402,10671,2121,10029,2026,642,514,2188,602
